Date,AvgDifficulty_M,DifficultyChangePct,AvgPrice_USD,PriceChangePct
27th May 2025,59.195,,51.8408,
28th May 2025,77.523,31.0,51.8488,0.02
29th May 2025,72.36,-6.66,54.0493,4.24
30th May 2025,72.626,0.37,51.3429,-5.01
31st May 2025,71.909,-0.99,47.5544,-7.38
1st Jun 2025,72.927,1.42,50.7911,6.81
2nd Jun 2025,72.771,-0.21,52.9788,4.31
3rd Jun 2025,68.916,-5.3,54.0226,1.97
4th Jun 2025,69.674,1.1,52.3021,-3.18
5th Jun 2025,65.574,-5.89,49.7724,-4.84
6th Jun 2025,66.013,0.67,48.311,-2.94
7th Jun 2025,68.194,3.3,48.7899,0.99
8th Jun 2025,65.613,-3.78,49.9094,2.29
9th Jun 2025,66.264,0.99,49.6571,-0.51
10th Jun 2025,66.022,-0.37,51.4621,3.64
11th Jun 2025,67.021,1.51,50.6776,-1.52
12th Jun 2025,62.603,-6.59,49.1175,-3.08
13th Jun 2025,63.646,1.67,45.6187,-7.12
14th Jun 2025,63.361,-0.45,44.3913,-2.69
15th Jun 2025,66.979,5.71,44.015,-0.85
16th Jun 2025,61.532,-8.13,44.4741,1.04
17th Jun 2025,63.168,2.66,42.0447,-5.46
18th Jun 2025,62.943,-0.36,41.7671,-0.66
19th Jun 2025,63.817,1.39,41.6471,-0.29
20th Jun 2025,65.161,2.11,41.1409,-1.22
21st Jun 2025,63.023,-3.28,40.2839,-2.08
22nd Jun 2025,64.519,2.37,38.3213,-4.87
23rd Jun 2025,64.372,-0.23,38.9481,1.64
24th Jun 2025,63.835,-0.83,42.1206,8.15
25th Jun 2025,59.448,-6.87,42.1148,-0.01
26th Jun 2025,61.752,3.87,40.282,-4.35
27th Jun 2025,63.895,3.47,39.1458,-2.82
28th Jun 2025,64.192,0.47,38.1511,-2.54
29th Jun 2025,63.685,-0.79,39.462,3.44
30th Jun 2025,62.921,-1.2,39.5807,0.3
1st Jul 2025,61.701,-1.94,37.1633,-6.11
2nd Jul 2025,60.992,-1.15,37.7619,1.61
3rd Jul 2025,62.57,2.59,39.3573,4.22
4th Jul 2025,65.094,4.03,40.4906,2.88
5th Jul 2025,59.124,-9.17,39.5388,-2.35
6th Jul 2025,61.944,4.77,38.7436,-2.01
7th Jul 2025,63.445,2.42,38.757,0.03
8th Jul 2025,58.956,-7.08,40.0784,3.41
9th Jul 2025,64.131,8.78,40.4087,0.82
10th Jul 2025,60.065,-6.34,40.9203,1.27
11th Jul 2025,62.606,4.23,42.7209,4.4
12th Jul 2025,59.738,-4.58,42.0531,-1.56
13th Jul 2025,60.597,1.44,42.6192,1.35
14th Jul 2025,59.366,-2.03,43.5226,2.12
15th Jul 2025,60.204,1.41,42.5227,-2.3
16th Jul 2025,61.688,2.46,44.0082,3.49
17th Jul 2025,64.114,3.93,44.4196,0.93
18th Jul 2025,59.795,-6.74,45.699,2.88
19th Jul 2025,64.308,7.55,43.9241,-3.88
20th Jul 2025,65.541,1.92,44.7219,1.82
21st Jul 2025,64.957,-0.89,45.0789,0.8
22nd Jul 2025,63.915,-1.6,43.3109,-3.92
23rd Jul 2025,65.047,1.77,42.6824,-1.45
24th Jul 2025,68.005,4.55,40.8804,-4.22
25th Jul 2025,69.585,2.32,40.0034,-2.15
26th Jul 2025,70.327,1.07,41.0286,2.56
27th Jul 2025,69.932,-0.56,41.5201,1.2
28th Jul 2025,67.228,-3.87,41.9854,1.12
29th Jul 2025,63.362,-5.75,40.5293,-3.47
30th Jul 2025,64.42,1.67,39.1463,-3.41
31st Jul 2025,61.167,-5.05,38.3989,-1.91
1st Aug 2025,67.363,10.1,36.3368,-5.37
2nd Aug 2025,70.443,4.57,35.5591,-2.14
3rd Aug 2025,64.241,-8.8,35.9781,1.18
4th Aug 2025,67.612,5.25,36.6224,1.79
5th Aug 2025,69.599,2.94,36.0778,-1.49
6th Aug 2025,71.931,3.35,35.6867,-1.08
7th Aug 2025,68.274,-5.08,36.8787,3.34
8th Aug 2025,68.831,0.81,38.3838,4.08
9th Aug 2025,65.207,-5.26,39.4273,2.72
10th Aug 2025,65.399,0.3,39.2323,-0.49
11th Aug 2025,65.328,-0.11,38.6532,-1.48
12th Aug 2025,67.708,3.64,37.964,-1.78
13th Aug 2025,65.685,-2.99,39.2758,3.46
14th Aug 2025,63.6,-3.17,38.4912,-2.0
15th Aug 2025,63.674,0.12,37.1957,-3.37
16th Aug 2025,64.382,1.11,36.5727,-1.67
17th Aug 2025,67.708,5.17,37.2261,1.79
18th Aug 2025,64.839,-4.24,36.0719,-3.1
19th Aug 2025,65.786,1.46,35.4332,-1.77
20th Aug 2025,67.424,2.49,37.5314,5.92
21st Aug 2025,63.503,-5.82,39.2856,4.67
22nd Aug 2025,65.707,3.47,42.9251,9.26
23rd Aug 2025,64.939,-1.17,43.3778,1.05
24th Aug 2025,65.602,1.02,43.066,-0.72
25th Aug 2025,66.721,1.71,41.231,-4.26
26th Aug 2025,65.448,-1.91,40.5699,-1.6
27th Aug 2025,69.92,6.83,42.5747,4.94
28th Aug 2025,67.853,-2.96,42.197,-0.89
29th Aug 2025,66.753,-1.62,41.9428,-0.6
30th Aug 2025,71.162,6.6,40.0123,-4.6
31st Aug 2025,67.296,-5.43,40.3081,0.74
1st Sep 2025,68.601,1.94,39.8266,-1.19
2nd Sep 2025,68.308,-0.43,41.079,3.14
3rd Sep 2025,67.975,-0.49,41.9621,2.15
4th Sep 2025,65.898,-3.06,40.6828,-3.05
5th Sep 2025,70.332,6.73,41.2245,1.33
6th Sep 2025,71.23,1.28,42.5838,3.3
7th Sep 2025,69.604,-2.28,47.4431,11.4
8th Sep 2025,68.552,-1.51,49.5881,4.52
9th Sep 2025,70.766,3.23,49.5977,0.02
10th Sep 2025,70.819,0.07,48.2498,-2.72
11th Sep 2025,69.798,-1.44,47.6475,-1.25
12th Sep 2025,71.772,2.83,48.3319,1.44
13th Sep 2025,73.271,2.09,49.9057,3.26
14th Sep 2025,73.098,-0.24,53.3061,6.81
15th Sep 2025,73.335,0.32,50.6086,-5.06
16th Sep 2025,66.669,-9.09,51.3403,1.45
17th Sep 2025,70.327,5.49,51.3189,-0.04
18th Sep 2025,73.833,4.99,50.658,-1.29
19th Sep 2025,68.771,-6.86,49.3547,-2.57
20th Sep 2025,71.57,4.07,50.0037,1.32
21st Sep 2025,76.275,6.57,51.3761,2.74
22nd Sep 2025,71.664,-6.05,48.7189,-5.17
23rd Sep 2025,73.487,2.54,50.5452,3.75
24th Sep 2025,75.32,2.49,55.8367,10.5
25th Sep 2025,77.001,2.23,57.8075,3.53
26th Sep 2025,77.596,0.77,54.6762,-5.42
27th Sep 2025,75.468,-2.74,55.4036,1.33
28th Sep 2025,76.056,0.78,57.6572,4.07
29th Sep 2025,80.362,5.66,67.0268,16.3
30th Sep 2025,70.577,-12.18,70.6885,5.46
1st Oct 2025,75.068,6.36,93.3004,32.0
2nd Oct 2025,78.757,4.91,134.92,44.6
3rd Oct 2025,71.847,-8.77,139.52,3.41
4th Oct 2025,75.156,4.61,141.9,1.71
5th Oct 2025,74.186,-1.29,158.11,11.4
6th Oct 2025,73.901,-0.38,162.25,2.62
7th Oct 2025,72.499,-1.9,144.08,-11.2
8th Oct 2025,73.978,2.04,149.24,3.59
9th Oct 2025,87.031,17.6,187.7,25.8
10th Oct 2025,82.529,-5.17,230.9,23.0
11th Oct 2025,84.352,2.21,257.34,11.5
12th Oct 2025,82.938,-1.68,269.12,4.58
13th Oct 2025,92.004,10.9,260.53,-3.19
14th Oct 2025,90.47,-1.67,238.11,-8.61
15th Oct 2025,91.041,0.63,252.46,6.03
16th Oct 2025,91.521,0.53,228.53,-9.48
17th Oct 2025,92.621,1.2,211.1,-7.63
18th Oct 2025,95.766,3.4,218.09,3.31
19th Oct 2025,95.634,-0.14,224.84,3.1
20th Oct 2025,95.793,0.17,251.99,12.1
21st Oct 2025,94.51,-1.34,268.14,6.41
22nd Oct 2025,91.793,-2.88,260.81,-2.73
23rd Oct 2025,94.39,2.83,238.15,-8.69
24th Oct 2025,99.427,5.34,258.65,8.61
25th Oct 2025,95.974,-3.47,271.52,4.98
26th Oct 2025,96.561,0.61,316.17,16.4
27th Oct 2025,92.18,-4.54,354.73,12.2
28th Oct 2025,99.304,7.73,326.62,-7.93
29th Oct 2025,101.195,1.9,332.04,1.66
30th Oct 2025,94.2,-6.91,341.86,2.96
31st Oct 2025,101.243,7.48,375.54,9.85
1st Nov 2025,104.285,3.0,420.76,12.0
2nd Nov 2025,105.701,1.36,405.98,-3.51
3rd Nov 2025,102.176,-3.34,400.89,-1.25
4th Nov 2025,114.86,12.4,430.3,7.33
5th Nov 2025,110.552,-3.75,454.57,5.64
6th Nov 2025,105.555,-4.52,514.24,13.1
7th Nov 2025,105.449,-0.1,633.24,23.1
8th Nov 2025,111.526,5.76,573.43,-9.45
9th Nov 2025,118.405,6.17,603.1,5.18
10th Nov 2025,119.427,0.86,619.79,2.77
11th Nov 2025,111.793,-6.39,502.87,-18.86
12th Nov 2025,116.808,4.49,473.44,-5.85
13th Nov 2025,125.716,7.63,504.19,6.49
14th Nov 2025,117.935,-6.19,540.23,7.15
15th Nov 2025,122.435,3.82,665.11,23.1
16th Nov 2025,119.734,-2.21,693.19,4.22
17th Nov 2025,122.267,2.12,677.55,-2.26
18th Nov 2025,122.953,0.56,607.76,-10.3
19th Nov 2025,123.055,0.08,618.58,1.78
20th Nov 2025,124.824,1.44,684.9,10.7
21st Nov 2025,135.654,8.68,628.83,-8.19
22nd Nov 2025,122.862,-9.43,512.58,-18.49
23rd Nov 2025,123.906,0.85,573.61,11.9
24th Nov 2025,120.661,-2.62,557.49,-2.81
25th Nov 2025,120.017,-0.53,506.62,-9.12
26th Nov 2025,126.288,5.22,507.28,0.13
27th Nov 2025,122.376,-4.86,508.96,-0.28
28th Nov 2025,128.636,5.12,470.63,-7.53
29th Nov 2025,134.435,4.51,461.42,-1.96
30th Nov 2025,122.971,-8.53,450.24,-2.42
1st Dec 2025,125.489,2.05,363.74,-19.21
2nd Dec 2025,132.681,3.39,333.28,-7.46
3rd Dec 2025,121.823,-8.18,335.22,0.58
4th Dec 2025,130.191,6.87,356.94,6.48
5th Dec 2025,131.276,0.83,379.74,6.39
6th Dec 2025,132.878,1.22,343.87,-9.45
7th Dec 2025,136.635,2.83,340.89,-0.87

8th Dec 2025,125.831,-7.54,383.65,12.4
9th Dec 2025,126.434,0.48,420.46,9.60
10th Dec 2025,138.577,9.60,431.02,2.51
11th Dec 2025,124.363,-10.26,429.36,-0.39
12th Dec 2025,135.968,9.33,456.41,6.30
13th Dec 2025,129.230,-4.96,448.18,-1.80
14th Dec 2025,124.095,-3.97,420.79,-6.11
15th Dec 2025,122.009,-1.68,407.03,-3.27
16th Dec 2025,127.045,4.13,399.11,-1.95
17th Dec 2025,124.664,-1.87,392.20,-1.73
18th Dec 2025,125.311,0.52,391.21,-0.25
19th Dec 2025,132.724,5.92,418.82,7.06
20th Dec 2025,132.634,-0.07,448.26,7.03
21st Dec 2025,128.431,-3.17,441.40,-1.53
22nd Dec 2025,131.579,2.45,443.57,0.49
23rd Dec 2025,134.805,2.45,419.29,-5.47
24th Dec 2025,127.246,-5.61,424.07,1.14
25th Dec 2025,120.802,-5.06,443.62,4.61
26th Dec 2025,127.995,5.95,443.64,0
27th Dec 2025,122.530,-4.27,490.65,10.6
28th Dec 2025,129.707,5.86,521.99,6.39
29th Dec 2025,127.602,-1.62,533.63,2.23
30th Dec 2025,124.256,-2.62,534.62,0.19
31st Dec 2025,124.990,0.59,518.22,-3.07
1st Jan 2026,126.213,0.98,518.64,0.08
2nd Jan 2026,135.142,7.07,505.53,-2.53
3rd Jan 2026,128.564,-4.87,505.23,-0.06
4th Jan 2026,137.765,7.16,506.89,0.33
5th Jan 2026,134.552,-2.33,495.69,-2.21
6th Jan 2026,133.761,-0.59,506.52,2.19
7th Jan 2026,134.001,0.18,487.86,-3.69
8th Jan 2026,129.406,-3.43,435.09,-10.82
9th Jan 2026,123.345,-4.68,429.92,-1.19
10th Jan 2026,131.705,6.78,383.64,-10.76
11th Jan 2026,127.750,-3.00,383.37,-0.07
12th Jan 2026,129.399,1.29,403.35,5.21
13th Jan 2026,124.917,-3.46,399.27,-1.01
14th Jan 2026,136.235,9.06,422.26,5.76
15th Jan 2026,123.826,-9.11,428.72,1.53
16th Jan 2026,131.937,6.55,409.19,-4.55
17th Jan 2026,126.487,-4.13,404.56,-1.13
18th Jan 2026,125.505,-0.78,393.42,-2.75
19th Jan 2026,133.434,6.32,369.80,-6.00
20th Jan 2026,120.678,-9.56,358.25,-3.12
21st Jan 2026,113.332,-6.09,359.63,0.39
22nd Jan 2026,126.233,11.4,360.69,0.29
23rd Jan 2026,117.816,-6.67,365.45,1.32
24th Jan 2026,119.671,1.57,368.71,0.89
25th Jan 2026,110.563,-7.61,351.94,-4.55
26th Jan 2026,118.028,6.75,353.27,0.38
27th Jan 2026,122.696,3.96,381.56,8.01
28th Jan 2026,129.362,5.43,386.68,1.34
29th Jan 2026,122.223,-5.52,361.29,-6.57
30th Jan 2026,128.435,5.08,337.23,-6.66
31st Jan 2026,123.525,-3.82,317.00,-6.00
1st Feb 2026,122.336,-0.96,298.64,-5.79